-- MySQL dump 10.13  Distrib 5.1.58, for debian-linux-gnu (x86_64)
--
-- Host: localhost    Database: keystone
-- ------------------------------------------------------
-- Server version	5.1.58-1ubuntu1

/*!40101 SET @OLD_CHARACTER_SET_CLIENT=@@CHARACTER_SET_CLIENT */;
/*!40101 SET @OLD_CHARACTER_SET_RESULTS=@@CHARACTER_SET_RESULTS */;
/*!40101 SET @OLD_COLLATION_CONNECTION=@@COLLATION_CONNECTION */;
/*!40101 SET NAMES utf8 */;
/*!40103 SET @OLD_TIME_ZONE=@@TIME_ZONE */;
/*!40103 SET TIME_ZONE='+00:00' */;
/*!40014 SET @OLD_UNIQUE_CHECKS=@@UNIQUE_CHECKS, UNIQUE_CHECKS=0 */;
/*!40014 SET @OLD_FOREIGN_KEY_CHECKS=@@FOREIGN_KEY_CHECKS, FOREIGN_KEY_CHECKS=0 */;
/*!40101 SET @OLD_SQL_MODE=@@SQL_MODE, SQL_MODE='NO_AUTO_VALUE_ON_ZERO' */;
/*!40111 SET @OLD_SQL_NOTES=@@SQL_NOTES, SQL_NOTES=0 */;

--
-- Table structure for table `credentials`
--

DROP TABLE IF EXISTS `credentials`;
/*!40101 SET @saved_cs_client     = @@character_set_client */;
/*!40101 SET character_set_client = utf8 */;
CREATE TABLE `credentials` (
  `user_id` int(11) DEFAULT NULL,
  `tenant_id` int(11) DEFAULT NULL,
  `secret` varchar(255) DEFAULT NULL,
  `key` varchar(255) DEFAULT NULL,
  `type` varchar(20) DEFAULT NULL,
  `id` int(11) NOT NULL AUTO_INCREMENT,
  PRIMARY KEY (`id`)
) ENGINE=MyISAM DEFAULT CHARSET=latin1;
/*!40101 SET character_set_client = @saved_cs_client */;

--
-- Dumping data for table `credentials`
--

LOCK TABLES `credentials` WRITE;
/*!40000 ALTER TABLE `credentials` DISABLE KEYS */;
/*!40000 ALTER TABLE `credentials` ENABLE KEYS */;
UNLOCK TABLES;

--
-- Table structure for table `endpoint_templates`
--

DROP TABLE IF EXISTS `endpoint_templates`;
/*!40101 SET @saved_cs_client     = @@character_set_client */;
/*!40101 SET character_set_client = utf8 */;
CREATE TABLE `endpoint_templates` (
  `is_global` tinyint(1) DEFAULT NULL,
  `region` varchar(255) DEFAULT NULL,
  `public_url` varchar(2000) DEFAULT NULL,
  `enabled` tinyint(1) DEFAULT NULL,
  `internal_url` varchar(2000) DEFAULT NULL,
  `id` int(11) NOT NULL AUTO_INCREMENT,
  `service_id` int(11) DEFAULT NULL,
  `admin_url` varchar(2000) DEFAULT NULL,
  `version_id` varchar(20) DEFAULT NULL,
  `version_list` varchar(2000) DEFAULT NULL,
  `version_info` varchar(500) DEFAULT NULL,
  PRIMARY KEY (`id`)
) ENGINE=MyISAM AUTO_INCREMENT=6 DEFAULT CHARSET=latin1;
/*!40101 SET character_set_client = @saved_cs_client */;

--
-- Dumping data for table `endpoint_templates`
--

LOCK TABLES `endpoint_templates` WRITE;
/*!40000 ALTER TABLE `endpoint_templates` DISABLE KEYS */;
INSERT INTO `endpoint_templates` VALUES (1,'RegionOne','http://4.2.2.1:8774/v1.1/%tenant_id%',1,'http://4.2.2.1:8774/v1.1/%tenant_id%',1,1,'http://4.2.2.1:8774/v1.1/%tenant_id%',NULL,NULL,NULL),(1,'RegionOne','http://4.2.2.1:8773/services/Cloud',1,'http://4.2.2.1:8773/services/Cloud',2,2,'http://4.2.2.1:8773/services/Admin',NULL,NULL,NULL),(1,'RegionOne','http://4.2.2.1:9292/v1',1,'http://4.2.2.1:9292/v1',3,3,'http://4.2.2.1:9292/v1',NULL,NULL,NULL),(1,'RegionOne','http://4.2.2.1:5000/v2.0',1,'http://4.2.2.1:5000/v2.0',4,4,'http://4.2.2.1:35357/v2.0',NULL,NULL,NULL),(1,'RegionOne','http://4.2.2.1:8080/v1/AUTH_%tenant_id%',1,'http://4.2.2.1:8080/v1/AUTH_%tenant_id%',5,5,'http://4.2.2.1:8080/',NULL,NULL,NULL);
/*!40000 ALTER TABLE `endpoint_templates` ENABLE KEYS */;
UNLOCK TABLES;

--
-- Table structure for table `endpoints`
--

DROP TABLE IF EXISTS `endpoints`;
/*!40101 SET @saved_cs_client     = @@character_set_client */;
/*!40101 SET character_set_client = utf8 */;
CREATE TABLE `endpoints` (
  `endpoint_template_id` int(11) DEFAULT NULL,
  `tenant_id` int(11) DEFAULT NULL,
  `id` int(11) NOT NULL AUTO_INCREMENT,
  PRIMARY KEY (`id`),
  UNIQUE KEY `endpoint_template_id` (`endpoint_template_id`,`tenant_id`)
) ENGINE=MyISAM DEFAULT CHARSET=latin1;
/*!40101 SET character_set_client = @saved_cs_client */;

--
-- Dumping data for table `endpoints`
--

LOCK TABLES `endpoints` WRITE;
/*!40000 ALTER TABLE `endpoints` DISABLE KEYS */;
/*!40000 ALTER TABLE `endpoints` ENABLE KEYS */;
UNLOCK TABLES;

--
-- Table structure for table `migrate_version`
--

DROP TABLE IF EXISTS `migrate_version`;
/*!40101 SET @saved_cs_client     = @@character_set_client */;
/*!40101 SET character_set_client = utf8 */;
CREATE TABLE `migrate_version` (
  `repository_id` varchar(250) NOT NULL,
  `repository_path` text,
  `version` int(11) DEFAULT NULL,
  PRIMARY KEY (`repository_id`)
) ENGINE=MyISAM DEFAULT CHARSET=latin1;
/*!40101 SET character_set_client = @saved_cs_client */;

--
-- Dumping data for table `migrate_version`
--

LOCK TABLES `migrate_version` WRITE;
/*!40000 ALTER TABLE `migrate_version` DISABLE KEYS */;
INSERT INTO `migrate_version` VALUES ('Keystone','/opt/stack/keystone/keystone/backends/sqlalchemy/migrate_repo',11);
/*!40000 ALTER TABLE `migrate_version` ENABLE KEYS */;
UNLOCK TABLES;

--
-- Table structure for table `roles`
--

DROP TABLE IF EXISTS `roles`;
/*!40101 SET @saved_cs_client     = @@character_set_client */;
/*!40101 SET character_set_client = utf8 */;
CREATE TABLE `roles` (
  `service_id` int(11) DEFAULT NULL,
  `desc` varchar(255) DEFAULT NULL,
  `id` int(11) NOT NULL AUTO_INCREMENT,
  `name` varchar(255) DEFAULT NULL,
  PRIMARY KEY (`id`),
  UNIQUE KEY `name` (`name`,`service_id`)
) ENGINE=MyISAM AUTO_INCREMENT=7 DEFAULT CHARSET=latin1;
/*!40101 SET character_set_client = @saved_cs_client */;

--
-- Dumping data for table `roles`
--

LOCK TABLES `roles` WRITE;
/*!40000 ALTER TABLE `roles` DISABLE KEYS */;
INSERT INTO `roles` VALUES (NULL,NULL,1,'admin'),(NULL,NULL,2,'Member'),(NULL,NULL,3,'KeystoneAdmin'),(NULL,NULL,4,'KeystoneServiceAdmin'),(NULL,NULL,5,'sysadmin'),(NULL,NULL,6,'netadmin');
/*!40000 ALTER TABLE `roles` ENABLE KEYS */;
UNLOCK TABLES;

--
-- Table structure for table `services`
--

DROP TABLE IF EXISTS `services`;
/*!40101 SET @saved_cs_client     = @@character_set_client */;
/*!40101 SET character_set_client = utf8 */;
CREATE TABLE `services` (
  `desc` varchar(255) DEFAULT NULL,
  `type` varchar(255) DEFAULT NULL,
  `id` int(11) NOT NULL AUTO_INCREMENT,
  `name` varchar(255) DEFAULT NULL,
  `owner_id` int(11) DEFAULT NULL,
  PRIMARY KEY (`id`),
  UNIQUE KEY `name` (`name`),
  UNIQUE KEY `name_2` (`name`)
) ENGINE=MyISAM AUTO_INCREMENT=6 DEFAULT CHARSET=latin1;
/*!40101 SET character_set_client = @saved_cs_client */;

--
-- Dumping data for table `services`
--

LOCK TABLES `services` WRITE;
/*!40000 ALTER TABLE `services` DISABLE KEYS */;
INSERT INTO `services` VALUES ('Nova Compute Service','compute',1,'nova',NULL),('EC2 Compatability Layer','ec2',2,'ec2',NULL),('Glance Image Service','image',3,'glance',NULL),('Keystone Identity Service','identity',4,'keystone',NULL),('Swift Service','object-store',5,'swift',NULL);
/*!40000 ALTER TABLE `services` ENABLE KEYS */;
UNLOCK TABLES;

--
-- Table structure for table `tenants`
--

DROP TABLE IF EXISTS `tenants`;
/*!40101 SET @saved_cs_client     = @@character_set_client */;
/*!40101 SET character_set_client = utf8 */;
CREATE TABLE `tenants` (
  `desc` varchar(255) DEFAULT NULL,
  `enabled` tinyint(1) DEFAULT NULL,
  `id` int(11) NOT NULL AUTO_INCREMENT,
  `name` varchar(255) DEFAULT NULL,
  `uid` varchar(255) NOT NULL,
  PRIMARY KEY (`id`),
  UNIQUE KEY `tenants_uid_key` (`uid`),
  UNIQUE KEY `name` (`name`),
  UNIQUE KEY `name_2` (`name`)
) ENGINE=MyISAM AUTO_INCREMENT=4 DEFAULT CHARSET=latin1;
/*!40101 SET character_set_client = @saved_cs_client */;

--
-- Dumping data for table `tenants`
--

LOCK TABLES `tenants` WRITE;
/*!40000 ALTER TABLE `tenants` DISABLE KEYS */;
INSERT INTO `tenants` VALUES (NULL,1,1,'admin','182c1fbf7eef44eda162ff3fd30c0a76'),(NULL,1,2,'demo','b1a7ea3a884f4d0685a98cd6e682a5da'),(NULL,1,3,'invisible_to_admin','f4d1eed9bb5d4d35a5f37af934f87574');
/*!40000 ALTER TABLE `tenants` ENABLE KEYS */;
UNLOCK TABLES;

--
-- Table structure for table `tokens`
--

DROP TABLE IF EXISTS `tokens`;
/*!40101 SET @saved_cs_client     = @@character_set_client */;
/*!40101 SET character_set_client = utf8 */;
CREATE TABLE `tokens` (
  `tenant_id` int(11) DEFAULT NULL,
  `expires` datetime DEFAULT NULL,
  `user_id` int(11) DEFAULT NULL,
  `id` varchar(255) NOT NULL,
  PRIMARY KEY (`id`),
  UNIQUE KEY `id` (`id`)
) ENGINE=MyISAM DEFAULT CHARSET=latin1;
/*!40101 SET character_set_client = @saved_cs_client */;

--
-- Dumping data for table `tokens`
--

LOCK TABLES `tokens` WRITE;
/*!40000 ALTER TABLE `tokens` DISABLE KEYS */;
INSERT INTO `tokens` VALUES (1,'2015-02-05 00:00:00',1,'123123123123123123123');
/*!40000 ALTER TABLE `tokens` ENABLE KEYS */;
UNLOCK TABLES;

--
-- Table structure for table `user_roles`
--

DROP TABLE IF EXISTS `user_roles`;
/*!40101 SET @saved_cs_client     = @@character_set_client */;
/*!40101 SET character_set_client = utf8 */;
CREATE TABLE `user_roles` (
  `tenant_id` int(11) DEFAULT NULL,
  `user_id` int(11) DEFAULT NULL,
  `id` int(11) NOT NULL AUTO_INCREMENT,
  `role_id` int(11) DEFAULT NULL,
  PRIMARY KEY (`id`),
  UNIQUE KEY `user_id` (`user_id`,`role_id`,`tenant_id`)
) ENGINE=MyISAM AUTO_INCREMENT=10 DEFAULT CHARSET=latin1;
/*!40101 SET character_set_client = @saved_cs_client */;

--
-- Dumping data for table `user_roles`
--

LOCK TABLES `user_roles` WRITE;
/*!40000 ALTER TABLE `user_roles` DISABLE KEYS */;
INSERT INTO `user_roles` VALUES (1,1,1,1),(2,2,2,2),(2,2,3,5),(2,2,4,6),(3,2,5,2),(2,1,6,1),(NULL,1,7,1),(NULL,1,8,3),(NULL,1,9,4);
/*!40000 ALTER TABLE `user_roles` ENABLE KEYS */;
UNLOCK TABLES;

--
-- Table structure for table `users`
--

DROP TABLE IF EXISTS `users`;
/*!40101 SET @saved_cs_client     = @@character_set_client */;
/*!40101 SET character_set_client = utf8 */;
CREATE TABLE `users` (
  `name` varchar(255) DEFAULT NULL,
  `tenant_id` int(11) DEFAULT NULL,
  `enabled` tinyint(1) DEFAULT NULL,
  `id` int(11) NOT NULL AUTO_INCREMENT,
  `password` varchar(255) DEFAULT NULL,
  `email` varchar(255) DEFAULT NULL,
  `uid` varchar(255) NOT NULL,
  PRIMARY KEY (`id`),
  UNIQUE KEY `users_uid_key` (`uid`),
  UNIQUE KEY `name` (`name`),
  UNIQUE KEY `name_2` (`name`)
) ENGINE=MyISAM AUTO_INCREMENT=3 DEFAULT CHARSET=latin1;
/*!40101 SET character_set_client = @saved_cs_client */;

--
-- Dumping data for table `users`
--

LOCK TABLES `users` WRITE;
/*!40000 ALTER TABLE `users` DISABLE KEYS */;
INSERT INTO `users` VALUES ('admin',NULL,1,1,'$6$rounds=40000$hFXlgBSMi599197d$tmGKBpoGHNRsLB3ruK9f1wPvvtfWWuMEUzdqUAynsmmYXBK6eekyNHTzzhwXTM3mWpnaMHCI4mHPOycqmPJJc0',NULL,'c93b19ea3fa94484824213db8ac0afce'),('demo',NULL,1,2,'$6$rounds=40000$RBsX2ja9fdj2uTNQ$/wJOn510AYKW9BPFAJneVQAjm6TM0Ty11LG.u4.k4RhmoUcXNSjGKmQT6KO0SsvypMM7A.doWgt73V5rNnv5h.',NULL,'04c6697e88ff4667820903fcce05d904');
/*!40000 ALTER TABLE `users` ENABLE KEYS */;
UNLOCK TABLES;
/*!40103 SET TIME_ZONE=@OLD_TIME_ZONE */;

/*!40101 SET SQL_MODE=@OLD_SQL_MODE */;
/*!40014 SET FOREIGN_KEY_CHECKS=@OLD_FOREIGN_KEY_CHECKS */;
/*!40014 SET UNIQUE_CHECKS=@OLD_UNIQUE_CHECKS */;
/*!40101 SET CHARACTER_SET_CLIENT=@OLD_CHARACTER_SET_CLIENT */;
/*!40101 SET CHARACTER_SET_RESULTS=@OLD_CHARACTER_SET_RESULTS */;
/*!40101 SET COLLATION_CONNECTION=@OLD_COLLATION_CONNECTION */;
/*!40111 SET SQL_NOTES=@OLD_SQL_NOTES */;

-- Dump completed on 2012-02-13 19:23:51
